HP_NHOR,HP_MADS_ITER,HP_D0,scen,runs,runsViolY,runsViolDy,samplesViolY,samplesViolDy,maxViolY,maxViolDy,meanRmse,meanRatio,worstRatio,meanRmsDu,estCycles,warnings
5,7,-8,scen,10,7,9,13,15,0.461803,0.3140533,15.157822,1.1979982434475414,1.2112202073657639,0.13089495,4725,
5,7,-8,noscen,10,7,10,13,110,0.461803,0.6337325,14.596671000000004,1.1536390617738346,1.1747690592378268,0.068420384,4725,
5,7,-4,scen,10,7,8,13,16,0.461803,0.346309,14.703405,1.1620824588137624,1.1751977669510323,0.14570310000000003,4725,
5,7,-4,noscen,10,7,10,13,142,0.461803,0.6238844,13.6993,1.0827251428396032,1.0914780601368566,0.083012133,4725,
5,20,-8,scen,10,7,10,13,31,0.461803,0.5793748,14.339408999999998,1.1333198659644836,1.1466062602318634,0.13705429000000002,13500,
5,20,-8,noscen,10,7,10,13,164,0.461803,0.6983722,13.340588,1.0543802388459933,1.0642778905382009,0.09157043299999999,13500,
5,20,-4,scen,10,7,10,13,34,0.461803,0.5694509,14.298903999999999,1.130117100318957,1.143409011498946,0.15594857,13500,
5,20,-4,noscen,10,7,10,13,172,0.461803,0.7057211,13.252516999999997,1.0474189806380285,1.0589206144810555,0.09371082500000001,13500,
5,50,-8,scen,10,7,10,13,35,0.461803,0.4638675,14.156991,1.118905192073049,1.1287976161966715,0.13520155,33750,
5,50,-8,noscen,10,7,10,13,192,0.461803,0.7164748,13.18332,1.04195009655222,1.0507107832552733,0.096749648,33750,
5,50,-4,scen,10,7,10,13,36,0.461803,0.395921,14.183138,1.1209697650564938,1.1295341140629478,0.14365876,33750,
5,50,-4,noscen,10,7,10,13,187,0.461803,0.711183,13.184441000000001,1.0420393385570144,1.0506919389601874,0.09725133500000001,33750,
8,7,-8,scen,10,7,6,13,7,0.461803,0.210246,15.9013,1.256769245088012,1.2696084080942929,0.10975218199999999,7560,
8,7,-8,noscen,10,7,10,14,92,0.461803,0.6368853,15.348435999999998,1.2130578751424432,1.2290209996113364,0.08401146899999999,7560,
8,7,-4,scen,10,7,6,13,7,0.461803,0.1748316,15.593992,1.2324351665503475,1.255862178474348,0.19118896,7560,
8,7,-4,noscen,10,7,10,13,93,0.461803,0.6527927,14.547338,1.1497341959226324,1.1674693303208672,0.06764582599999999,7560,
8,20,-8,scen,10,7,10,13,27,0.461803,0.5518207,14.878778,1.175931684001223,1.1951289875783917,0.15606026999999997,21600,
8,20,-8,noscen,10,7,10,13,131,0.461803,0.6660403,13.852919999999997,1.0948909430898808,1.1098496710311927,0.081607302,21600,
8,20,-4,scen,10,7,10,13,35,0.461803,0.5551499,15.016688000000002,1.1868331184915994,1.2034291877139116,0.18983051999999997,21600,
8,20,-4,noscen,10,7,10,13,124,0.461803,0.6881747,13.742732999999998,1.0861961787142,1.109976703353652,0.090844734,21600,
8,50,-8,scen,10,7,10,13,19,0.461803,0.3734962,14.883754000000001,1.176325360581183,1.203893702472136,0.13922136000000002,54000,
8,50,-8,noscen,10,7,10,13,141,0.461803,0.688053,13.524932000000002,1.0689521694697894,1.0734958915510817,0.096525977,54000,
8,50,-4,scen,10,7,10,13,22,0.461803,0.4509373,14.984472,1.1842668014168125,1.210636819397061,0.16035351,54000,
8,50,-4,noscen,10,7,10,13,134,0.461803,0.7004226,13.54453,1.0704966773546987,1.089507584868937,0.09834398,54000,
12,7,-8,scen,10,7,1,14,1,0.461803,0.0487767,16.210869999999996,1.2812586725881077,1.2988405969439325,0.099808201,11340,
12,7,-8,noscen,10,7,10,17,40,0.4808205,0.5777811,16.316962,1.2896177972844745,1.3108022261264103,0.074653168,11340,
12,7,-4,scen,10,7,0,13,0,0.461803,0.0,17.06564,1.3487788980078765,1.3825258422025841,0.18995267999999998,11340,
12,7,-4,noscen,10,7,10,13,32,0.461803,0.5207129,15.604861,1.2333499495486813,1.2465215984790017,0.06594751399999998,11340,
12,20,-8,scen,10,7,10,13,21,0.461803,0.3637813,15.922267999999999,1.258412775885024,1.2812781918432328,0.1737782,32400,
12,20,-8,noscen,10,7,10,13,58,0.461803,0.5950474,14.877287,1.1757931830094746,1.200219887806524,0.085054023,32400,
12,20,-4,scen,10,7,9,13,13,0.461803,0.4233789,16.086208,1.2713664129314055,1.2941878646644411,0.19735262999999997,32400,
12,20,-4,noscen,10,7,10,13,73,0.461803,0.5432213,14.738279000000002,1.1648613496231588,1.183449482043816,0.08975036700000001,32400,
12,50,-8,scen,10,7,4,13,4,0.461803,0.2370033,16.187953,1.2794135493227703,1.3050085761135979,0.15296660999999998,81000,
12,50,-8,noscen,10,7,10,13,61,0.461803,0.6518786,14.897550999999998,1.1774139259488674,1.206660673133924,0.08400097200000001,81000,
12,50,-4,scen,10,7,5,13,5,0.461803,0.1987473,16.538629,1.3071170163927543,1.324231449772814,0.17934992,81000,
12,50,-4,noscen,10,7,10,13,79,0.461803,0.6635316,14.774180000000001,1.1676956355633297,1.1888998553223538,0.103384157,81000,
