HP_NHORU,HP_LOG2NSCEN,scen,runs,runsViolY,runsViolDy,samplesViolY,samplesViolDy,maxViolY,maxViolDy,meanRmse,meanRatio,worstRatio,meanRmsDu,estCycles,warnings
2,2,scen,10,7,10,14,494,0.04810868,0.1708541,0.7437440900000001,1.1122388271912271,1.1565035816536338,0.19131252999999998,3150,
2,3,scen,10,7,10,18,179,0.0501749,0.1669786,0.8851168600000001,1.3237104935308952,1.400249528430769,0.12587301,4270,
2,4,scen,10,7,10,15,26,0.04810868,0.03809055,2.8383053000000005,4.245285885268469,4.737643831128946,0.062654982,6510,
3,2,scen,10,7,10,15,422,0.04810868,0.3266751,0.71469314,1.0687494515795204,1.1084754360186735,0.21362899000000005,4725,
3,3,scen,10,7,10,14,329,0.04810868,0.1166022,0.76797556,1.1484739226015255,1.1807717098368586,0.18404525,6405,
3,4,scen,10,7,10,18,89,0.05067541,0.08029889,2.0019639,2.9949692645565316,3.94193825290013,0.087981512,9765,
4,2,scen,10,7,10,14,514,0.04810868,0.1568317,0.76645782,1.1460989367973857,1.199005663739577,0.24491915,6300,
4,3,scen,10,7,10,14,397,0.04810868,0.1238701,0.76369313,1.1419620965368418,1.1894650612300786,0.20538412000000003,8540,
4,4,scen,10,7,10,15,148,0.04810868,0.1012275,1.3020846,1.9473149468505526,2.266854700583066,0.1453654,13020,
