HP_LOG2Q,HP_LOG2R,scen,runs,runsViolY,runsViolDy,samplesViolY,samplesViolDy,maxViolY,maxViolDy,meanRmse,meanRatio,worstRatio,meanRmsDu,estCycles,warnings
0,-5,scen,10,7,10,15,444,0.04810868,0.2659589,0.70940559,1.0608084367637989,1.0977585861073595,0.21777523,4725,
0,-5,noscen,10,7,10,14,450,0.04810868,0.1206823,0.6315209,0.9443306021175157,0.9903838826204895,0.062461143,4725,
0,-3,scen,10,7,10,15,456,0.04810868,0.2620798,0.71197209,1.064620453734701,1.0986530697633774,0.21258052000000002,4725,
0,-3,noscen,10,7,10,14,446,0.04810868,0.1091982,0.63132509,0.9440796008182897,0.95778915364691,0.049470957999999995,4725,
0,-1,scen,10,7,10,15,428,0.04810868,0.27907,0.71357871,1.067024255691575,1.1059166125515172,0.17749604,4725,
0,-1,noscen,10,7,10,14,443,0.04810868,0.1083177,0.6331750700000001,0.946865423554575,0.9667857543230084,0.038179697,4725,
2,-5,scen,10,7,10,15,424,0.04810868,0.2893892,0.7113914400000001,1.06382465903695,1.0902828799565116,0.22308909000000005,4725,
2,-5,noscen,10,7,10,14,448,0.04810868,0.1241143,0.62732518,0.9380951271890068,0.9584514818821891,0.08103688,4725,
2,-3,scen,10,7,10,15,422,0.04810868,0.3266751,0.71469314,1.0687494515795204,1.1084754360186735,0.21362899000000005,4725,
2,-3,noscen,10,7,10,14,452,0.04810868,0.1154999,0.6279341,0.9389991914817453,0.9615384728552819,0.06329632399999999,4725,
2,-1,scen,10,7,10,15,437,0.04810868,0.313916,0.7094944300000001,1.060968288013959,1.0956840994514645,0.20123563,4725,
2,-1,noscen,10,7,10,14,454,0.04810868,0.1271115,0.6299034400000001,0.9419571390985892,0.9616227718510206,0.05118024499999999,4725,
4,-5,scen,10,7,10,15,469,0.04810868,0.2924645,0.70298718,1.051273864438067,1.1147473643028314,0.22521628999999996,4725,
4,-5,noscen,10,7,10,14,476,0.04810868,0.1198829,0.62820125,0.9394162078696289,0.9590446643443495,0.14269433,4725,
4,-3,scen,10,7,10,15,434,0.04810868,0.3337646,0.7032221599999999,1.0515968854199487,1.084413946410914,0.22681202999999997,4725,
4,-3,noscen,10,7,10,14,455,0.04810868,0.1297936,0.62872398,0.9401816754846273,0.9679232758501474,0.088247354,4725,
4,-1,scen,10,7,10,15,454,0.04810868,0.2976357,0.70304246,1.051277810100531,1.0826362605730508,0.20919281,4725,
4,-1,noscen,10,7,10,14,452,0.04810868,0.1057734,0.62931974,0.9410814533844306,0.9585102668820993,0.067186803,4725,
