HP_NHOR,HP_D0,HP_MADS_ITER,scen,runs,runsViolY,runsViolDy,samplesViolY,samplesViolDy,maxViolY,maxViolDy,meanRmse,meanRatio,worstRatio,meanRmsDu,estCycles,estShareOfTs,warnings
12,-2,10,scen,20,0,0,0,0,0.0,0.0,0.7517362300000001,1.139232956413393,1.2392036076070923,0.19836669,33480,0.03348,
12,-2,10,noscen,20,0,17,0,160,0.0,0.0005109843,0.7032123749999999,1.0665373662897044,1.1231059931051606,0.14450256500000003,33480,0.03348,
12,-2,20,scen,20,0,0,0,0,0.0,0.0,0.74078849,1.1227667864885678,1.2018115722324634,0.18430561499999992,66960,0.06696,
12,-2,20,noscen,20,0,19,0,317,0.0,0.0003788084,0.6997801499999998,1.061348008790063,1.115990853503637,0.13447343500000003,66960,0.06696,
12,-2,50,scen,20,0,1,0,1,0.0,4.079883e-05,0.7127901999999999,1.0809866307762233,1.1483917168618514,0.159794685,167400,0.1674,
12,-2,50,noscen,20,0,20,0,427,0.0,0.0003823496,0.6958329600000001,1.0553898963869894,1.1104655545223752,0.11871619250000001,167400,0.1674,
12,-4,10,scen,20,0,2,0,2,0.0,1.2418e-05,0.7457402500000001,1.1305446695918624,1.2314425390727877,0.12515691500000004,33480,0.03348,
12,-4,10,noscen,20,0,19,0,320,0.0,0.0004197596,0.7005533300000002,1.0626980421302714,1.1431622998213218,0.10743474850000001,33480,0.03348,
12,-4,20,scen,20,0,0,0,0,0.0,0.0,0.7340799250000002,1.1128000792514219,1.2225623586204386,0.13746606499999997,66960,0.06696,
12,-4,20,noscen,20,0,20,0,408,0.0,0.0004131847,0.6963051449999998,1.0562298997474033,1.1196740885272098,0.10940933450000001,66960,0.06696,
12,-4,50,scen,20,0,2,0,5,0.0,6.066078e-05,0.720784775,1.09294581735247,1.1710472962419642,0.13046515499999997,167400,0.1674,
12,-4,50,noscen,20,0,20,0,472,0.0,0.0004640064,0.6944136200000002,1.0533011592043564,1.118507679056263,0.10943182950000001,167400,0.1674,
12,-6,10,scen,20,0,2,0,4,0.0,8.812582e-05,0.7689127000000002,1.1656017075229057,1.3827604421408652,0.09227557300000001,33480,0.03348,
12,-6,10,noscen,20,0,18,0,443,0.0,0.0006347292,0.717239365,1.087662937274376,1.206925113910675,0.07474778249999998,33480,0.03348,
12,-6,20,scen,20,0,2,0,2,0.0,1.843129e-05,0.7505370950000001,1.1380201555147493,1.2991088920941505,0.09718639550000001,66960,0.06696,
12,-6,20,noscen,20,0,19,0,426,0.0,0.0004324628,0.70918849,1.075519243455979,1.1569250036321195,0.091377511,66960,0.06696,
12,-6,50,scen,20,0,4,0,6,0.0,4.697819e-05,0.7250686850000001,1.0995378150835158,1.2069233935186015,0.10436037349999998,167400,0.1674,
12,-6,50,noscen,20,0,19,0,524,0.0,0.0004800082,0.70449638,1.0684268259200984,1.1579440491099742,0.0904192975,167400,0.1674,
12,-8,10,scen,20,0,10,0,20,0.0,0.0001259281,0.82101627,1.2451193776556995,1.595736614095968,0.063101721,33480,0.03348,
12,-8,10,noscen,20,0,20,0,795,0.0,0.00445354,0.73480888,1.1138645665227909,1.2843191299301202,0.048023861999999994,33480,0.03348,
12,-8,20,scen,20,0,13,0,32,0.0,0.0002680749,0.7790404850000001,1.1816524382043594,1.416814710004676,0.07794697250000002,66960,0.06696,
12,-8,20,noscen,20,0,20,0,722,0.0,0.0006591996,0.72645557,1.101866787416325,1.2485763257305456,0.06380187600000001,66960,0.06696,
12,-8,50,scen,20,0,1,0,4,0.0,8.311497e-05,0.74312131,1.1272152925578725,1.2535566549265493,0.09154772350000001,167400,0.1674,
12,-8,50,noscen,20,0,18,0,402,0.0,0.0005191913,0.716927255,1.0873160516064853,1.2007664576139294,0.074576299,167400,0.1674,
15,-2,10,scen,20,0,0,0,0,0.0,0.0,0.75866908,1.1508553393056846,1.2857818913187902,0.23555029000000002,41850,0.04185,
15,-2,10,noscen,20,0,12,0,136,0.0,0.0003494492,0.7117681950000001,1.0795792327397242,1.1564120993646496,0.1890272,41850,0.04185,
15,-2,20,scen,20,0,0,0,0,0.0,0.0,0.7369327450000001,1.1178148522524567,1.2243244657494976,0.21535553,83700,0.0837,
15,-2,20,noscen,20,0,18,0,186,0.0,0.0003860062,0.7058810999999999,1.0706494488559177,1.1413884820409828,0.1664868,83700,0.0837,
15,-2,50,scen,20,0,1,0,1,0.0,2.923635e-05,0.7213027599999999,1.0941190677309904,1.1784640809917202,0.20860192000000005,209250,0.20925000000000002,
15,-2,50,noscen,20,0,17,0,266,0.0,0.0003661408,0.7077673149999999,1.0735113343446288,1.150561420117697,0.154557765,209250,0.20925000000000002,
15,-4,10,scen,20,0,0,0,0,0.0,0.0,0.778775555,1.181197575240216,1.4215098418589809,0.12695411499999998,41850,0.04185,
15,-4,10,noscen,20,0,18,0,249,0.0,0.0003463153,0.7095645049999999,1.0763670448722464,1.1787448846176014,0.11245748650000001,41850,0.04185,
15,-4,20,scen,20,0,1,0,1,0.0,5.156978e-06,0.7483309150000002,1.1349532726083136,1.2780447929265546,0.13388883000000001,83700,0.0837,
15,-4,20,noscen,20,0,19,0,323,0.0,0.0004591846,0.7008336249999999,1.0632479281912806,1.1471789179116931,0.109334131,83700,0.0837,
15,-4,50,scen,20,0,1,0,2,0.0,3.811579e-05,0.72702041,1.1027039589880197,1.2203146932427176,0.12563356,209250,0.20925000000000002,
15,-4,50,noscen,20,0,20,0,386,0.0,0.0005228947,0.6996940399999999,1.061522726262034,1.149928781087169,0.1069903575,209250,0.20925000000000002,
15,-6,10,scen,20,0,1,0,1,0.0,2.538524e-05,0.8313657200000002,1.2611833871132785,1.659871742327004,0.10861563250000002,41850,0.04185,
15,-6,10,noscen,20,0,14,0,343,0.0,0.0005816921,0.7497071250000001,1.1368987821303425,1.3134869086509633,0.0989272135,41850,0.04185,
15,-6,20,scen,20,0,0,0,0,0.0,0.0,0.805335745,1.2214407812287718,1.4824446152845177,0.10278763599999999,83700,0.0837,
15,-6,20,noscen,20,0,16,0,333,0.0,0.0004337527,0.7372181299999998,1.118183758705935,1.2662137864562124,0.08832517899999999,83700,0.0837,
15,-6,50,scen,20,0,1,0,1,0.0,7.042357e-06,0.78886451,1.196466349714922,1.4422064847327412,0.10100292750000002,209250,0.20925000000000002,
15,-6,50,noscen,20,0,17,0,392,0.0,0.000411346,0.7342316199999999,1.113586668717892,1.2472896869408887,0.09241107550000001,209250,0.20925000000000002,
15,-8,10,scen,20,0,0,0,0,0.0,0.0,0.9042564499999999,1.371356831013119,1.9662176364447583,0.05177899300000001,41850,0.04185,
15,-8,10,noscen,20,0,16,0,527,0.0,0.000740623,0.7666699400000001,1.1621487952735166,1.3869400109036902,0.041400967000000004,41850,0.04185,
15,-8,20,scen,20,0,2,0,3,0.0,2.167329e-05,0.8610193900000003,1.3060578739476614,1.8492332571770231,0.06962181049999999,83700,0.0837,
15,-8,20,noscen,20,0,17,0,407,0.0,0.0006522468,0.7549724849999999,1.1445245217778324,1.3519680668719267,0.050363519499999995,83700,0.0837,
15,-8,50,scen,20,0,0,0,0,0.0,0.0,0.8300573699999999,1.2590823765799155,1.7463380806997175,0.0736537005,209250,0.20925000000000002,
15,-8,50,noscen,20,0,16,0,309,0.0,0.0004601116,0.749597725,1.1364502208357454,1.3328504105298702,0.060147546499999996,209250,0.20925000000000002,
