HP_NHOR,HP_NHORU,HP_LOG2NSCEN,HP_D0,HP_MADS_ITER,scen,runs,runsViolY,runsViolDy,samplesViolY,samplesViolDy,maxViolY,maxViolDy,meanRmse,meanRatio,worstRatio,meanRmsDu,estCycles,estShareOfTs,warnings
12,3,2,-4,20,scen,20,0,9,0,33,0.0,0.0003017419,0.7090345700000001,1.075375642529711,1.1511701886451928,0.13937875500000002,32400,0.0324,
12,3,3,-4,20,scen,20,0,6,0,17,0.0,9.417739e-05,0.720534615,1.0929083712843917,1.1925440940065457,0.12753870500000003,43920,0.04392,
12,3,4,-4,20,scen,20,0,0,0,0,0.0,0.0,0.7340799250000002,1.1128000792514219,1.2225623586204386,0.13746606499999997,66960,0.06696,
12,3,5,-4,20,scen,20,0,3,0,3,0.0,2.091799e-06,0.72169948,1.09474580089348,1.1925640200753196,0.11855682650000002,113040,0.11303999999999999,
12,3,6,-4,20,scen,20,0,4,0,5,0.0,4.513e-05,0.732844925,1.1109631789950807,1.2185811513061688,0.129128985,205200,0.2052,
12,4,2,-4,20,scen,20,0,13,0,29,0.0,0.0001184191,0.702595775,1.0659221246031054,1.1246862278842613,0.14544294000000002,43200,0.043199999999999995,
12,4,3,-4,20,scen,20,0,3,0,5,0.0,3.597186e-05,0.707812715,1.0736103055205504,1.1380584479492741,0.13695134000000003,58560,0.05856,
12,4,4,-4,20,scen,20,0,4,0,4,0.0,8.62627e-05,0.707820285,1.0738032726599398,1.1362785815482348,0.1226554805,89280,0.08928,
12,4,5,-4,20,scen,20,0,1,0,1,0.0,3.695477e-05,0.7114720299999999,1.0791954459368893,1.1472436018482917,0.12526201500000003,150720,0.15072,
12,4,6,-4,20,scen,20,0,0,0,0,0.0,0.0,0.7097745449999999,1.0768005462772887,1.1462842431571327,0.12624327,273600,0.2736,
12,6,2,-4,20,scen,20,0,10,0,45,0.0,0.0001613256,0.7034514049999998,1.0671876262853925,1.1300273098549076,0.129254605,64800,0.0648,
12,6,3,-4,20,scen,20,0,5,0,7,0.0,0.0001810833,0.705135265,1.0697583345305408,1.1339325966093219,0.119942185,87840,0.08784,
12,6,4,-4,20,scen,20,0,4,0,5,0.0,9.828597e-05,0.7115637850000002,1.0792034364521315,1.1475394346692647,0.115791964,133920,0.13392,
12,6,5,-4,20,scen,20,0,1,0,1,0.0,3.160889e-05,0.7124350150000001,1.0806479743181159,1.1547890559697818,0.1114545535,226080,0.22607999999999998,
12,6,6,-4,20,scen,20,0,0,0,0,0.0,0.0,0.7166694549999999,1.08673662970552,1.1635697152238202,0.11292126499999999,410400,0.4104,
15,3,2,-4,20,scen,20,0,10,0,31,0.0,0.0002774027,0.7303117650000001,1.107528550917488,1.2108083327343078,0.14504266,40500,0.040499999999999994,
15,3,3,-4,20,scen,20,0,2,0,3,0.0,7.267978e-05,0.7447660500000001,1.1290985592597165,1.2680127962824734,0.14583962499999997,54900,0.0549,
15,3,4,-4,20,scen,20,0,1,0,1,0.0,5.156978e-06,0.7483309150000002,1.1349532726083136,1.2780447929265546,0.13388883000000001,83700,0.0837,
15,3,5,-4,20,scen,20,0,1,0,1,0.0,3.556231e-05,0.7545570949999999,1.1441309783962108,1.3008404077483344,0.12890451500000003,141300,0.14129999999999998,
15,3,6,-4,20,scen,20,0,1,0,1,0.0,4.322352e-06,0.7370571799999999,1.1179908434592654,1.22236792871646,0.11820466350000003,256500,0.2565,
15,4,2,-4,20,scen,20,0,11,0,24,0.0,0.0001450286,0.721431515,1.0934717853919707,1.1760830900660855,0.15129160499999997,54000,0.054,
15,4,3,-4,20,scen,20,0,7,0,8,0.0,8.055626e-05,0.7342344300000001,1.1131235640766923,1.1956247864983083,0.152247385,73200,0.0732,
15,4,4,-4,20,scen,20,0,1,0,2,0.0,5.740998e-05,0.7220911150000001,1.0952352773269776,1.1721441598574327,0.138460195,111600,0.1116,
15,4,5,-4,20,scen,20,0,1,0,1,0.0,1.441147e-06,0.7228731300000002,1.0966677664917603,1.1842896122642523,0.14753018,188400,0.1884,
15,4,6,-4,20,scen,20,0,0,0,0,0.0,0.0,0.7241372749999999,1.098006781762575,1.190772065234698,0.14462140999999998,342000,0.34199999999999997,
15,6,2,-4,20,scen,20,0,10,0,19,0.0,6.956854e-05,0.7085522900000001,1.0748852319657989,1.1445183213068124,0.143455145,81000,0.08099999999999999,
15,6,3,-4,20,scen,20,0,3,0,9,0.0,0.00010558,0.71658747,1.0865749800542923,1.1544571562187527,0.142113385,109800,0.1098,
15,6,4,-4,20,scen,20,0,0,0,0,0.0,0.0,0.7172695199999999,1.0879519928195678,1.1627073955383824,0.12936795000000004,167400,0.1674,
15,6,5,-4,20,scen,20,0,0,0,0,0.0,0.0,0.7187686200000002,1.0903873041641519,1.166185726013085,0.12789842999999998,282600,0.28259999999999996,
15,6,6,-4,20,scen,20,0,0,0,0,0.0,0.0,0.722827425,1.0965442870925775,1.180095488360043,0.14123389000000003,513000,0.513,
