HP_NHOR,HP_D0,HP_MADS_ITER,HP_LOG2Q,HP_LOG2P,HP_LOG2R,scen,runs,runsViolY,runsViolDy,samplesViolY,samplesViolDy,maxViolY,maxViolDy,meanRmse,meanRatio,worstRatio,meanRmsDu,estCycles,estShareOfTs,warnings
12,-4,20,2,2,-2,scen,20,0,1,0,1,0.0,6.053631e-05,0.7274694150000001,1.1031467126410452,1.1896148712360375,0.17669392,66960,0.06696,
12,-4,20,2,2,0,scen,20,0,0,0,0,0.0,0.0,0.7340799250000002,1.1128000792514219,1.2225623586204386,0.13746606499999997,66960,0.06696,
12,-4,20,2,2,2,scen,20,0,0,0,0,0.0,0.0,0.75039696,1.137621910558503,1.2719701197849835,0.07679375149999998,66960,0.06696,
12,-4,20,2,2,4,scen,20,0,1,0,1,0.0,3.866803e-05,0.777069265,1.178103791650376,1.4061566514400308,0.040116215999999996,66960,0.06696,
12,-4,20,2,4,-2,scen,20,0,1,0,1,0.0,5.411952e-05,0.7418131,1.1254000328469884,1.226151883261611,0.17025929,66960,0.06696,
12,-4,20,2,4,0,scen,20,0,2,0,2,0.0,4.576727e-05,0.74404262,1.1282788743305072,1.2596922136252535,0.12920656000000003,66960,0.06696,
12,-4,20,2,4,2,scen,20,0,1,0,1,0.0,1.684451e-05,0.7566879150000001,1.1470723898118016,1.2918753373399718,0.08445252299999997,66960,0.06696,
12,-4,20,2,4,4,scen,20,0,1,0,1,0.0,9.891677e-06,0.77273943,1.171575932093223,1.3908091587265654,0.04520062899999999,66960,0.06696,
12,-4,20,2,6,-2,scen,20,0,1,0,1,0.0,7.676533e-05,0.7564451450000002,1.1475975938385798,1.2852370632280354,0.18008761000000004,66960,0.06696,
12,-4,20,2,6,0,scen,20,0,2,0,3,0.0,6.014697e-05,0.754111635,1.14354781604681,1.2774692349815195,0.13815835499999998,66960,0.06696,
12,-4,20,2,6,2,scen,20,0,1,0,1,0.0,1.430541e-05,0.7624252799999999,1.1557701136128569,1.3123507365382399,0.110196331,66960,0.06696,
12,-4,20,2,6,4,scen,20,0,0,0,0,0.0,0.0,0.773847465,1.173086097502042,1.3591084824704505,0.0668554285,66960,0.06696,
12,-4,20,2,8,-2,scen,20,0,0,0,0,0.0,0.0,0.7621273849999999,1.156217437675323,1.3187333489778172,0.17950402999999998,66960,0.06696,
12,-4,20,2,8,0,scen,20,0,0,0,0,0.0,0.0,0.762994245,1.1575324652935084,1.332332690677034,0.16329121000000002,66960,0.06696,
12,-4,20,2,8,2,scen,20,0,0,0,0,0.0,0.0,0.75959343,1.1518606027019367,1.317487378035955,0.12793048,66960,0.06696,
12,-4,20,2,8,4,scen,20,0,0,0,0,0.0,0.0,0.767346155,1.1632302212666112,1.3363667651143467,0.0985866535,66960,0.06696,
12,-4,20,4,2,-2,scen,20,0,1,0,3,0.0,6.79955e-05,0.7218459199999999,1.095108701009916,1.1858963993550178,0.22622563499999998,66960,0.06696,
12,-4,20,4,2,0,scen,20,0,5,0,6,0.0,6.286489e-05,0.7214475349999999,1.0940151912908511,1.1814664876437488,0.17442435500000003,66960,0.06696,
12,-4,20,4,2,2,scen,20,0,5,0,8,0.0,0.0001309912,0.7269898750000001,1.1021898822181266,1.1819443343053038,0.12843747,66960,0.06696,
12,-4,20,4,2,4,scen,20,0,3,0,5,0.0,6.735504e-05,0.7426781450000001,1.1260656177401864,1.2422164679030752,0.074873349,66960,0.06696,
12,-4,20,4,4,-2,scen,20,0,0,0,0,0.0,0.0,0.72461514,1.0993096241037692,1.18480281503624,0.22168084999999998,66960,0.06696,
12,-4,20,4,4,0,scen,20,0,1,0,1,0.0,6.053631e-05,0.7274694150000001,1.1031467126410452,1.1896148712360375,0.17669392,66960,0.06696,
12,-4,20,4,4,2,scen,20,0,0,0,0,0.0,0.0,0.7340799250000002,1.1128000792514219,1.2225623586204386,0.13746606499999997,66960,0.06696,
12,-4,20,4,4,4,scen,20,0,0,0,0,0.0,0.0,0.75039696,1.137621910558503,1.2719701197849835,0.07679375149999998,66960,0.06696,
12,-4,20,4,6,-2,scen,20,0,1,0,1,0.0,2.508478e-05,0.7453002499999999,1.1306907555219934,1.2469171458779236,0.19789707500000003,66960,0.06696,
12,-4,20,4,6,0,scen,20,0,1,0,1,0.0,5.411952e-05,0.7418131,1.1254000328469884,1.226151883261611,0.17025929,66960,0.06696,
12,-4,20,4,6,2,scen,20,0,2,0,2,0.0,4.576727e-05,0.74404262,1.1282788743305072,1.2596922136252535,0.12920656000000003,66960,0.06696,
12,-4,20,4,6,4,scen,20,0,1,0,1,0.0,1.684451e-05,0.7566879150000001,1.1470723898118016,1.2918753373399718,0.08445252299999997,66960,0.06696,
12,-4,20,4,8,-2,scen,20,0,1,0,1,0.0,4.155748e-06,0.75635937,1.1474674021485607,1.288922264461654,0.193571565,66960,0.06696,
12,-4,20,4,8,0,scen,20,0,1,0,1,0.0,7.676533e-05,0.7564451450000002,1.1475975938385798,1.2852370632280354,0.18008761000000004,66960,0.06696,
12,-4,20,4,8,2,scen,20,0,2,0,3,0.0,6.014697e-05,0.754111635,1.14354781604681,1.2774692349815195,0.13815835499999998,66960,0.06696,
12,-4,20,4,8,4,scen,20,0,1,0,1,0.0,1.430541e-05,0.7624252799999999,1.1557701136128569,1.3123507365382399,0.110196331,66960,0.06696,
12,-4,20,6,2,-2,scen,20,0,1,0,2,0.0,5.541462e-05,0.72044244,1.0929795731223133,1.1921070075829399,0.256969655,66960,0.06696,
12,-4,20,6,2,0,scen,20,0,5,0,5,0.0,5.049592e-05,0.719858245,1.092093421590417,1.1873159062743175,0.22260257499999997,66960,0.06696,
12,-4,20,6,2,2,scen,20,0,7,0,9,0.0,3.886709e-05,0.7212964000000002,1.0937860142003792,1.1776927819936993,0.18231421499999997,66960,0.06696,
12,-4,20,6,2,4,scen,20,0,4,0,9,0.0,0.0001443732,0.7254659200000001,1.0998794220323485,1.182047288077847,0.12947271,66960,0.06696,
12,-4,20,6,4,-2,scen,20,0,1,0,1,0.0,4.369431e-05,0.7219565849999998,1.0952766687236173,1.179232543993641,0.247529295,66960,0.06696,
12,-4,20,6,4,0,scen,20,0,1,0,3,0.0,6.79955e-05,0.7218459199999999,1.095108701009916,1.1858963993550178,0.22622563499999998,66960,0.06696,
12,-4,20,6,4,2,scen,20,0,5,0,6,0.0,6.286489e-05,0.7214475349999999,1.0940151912908511,1.1814664876437488,0.17442435500000003,66960,0.06696,
12,-4,20,6,4,4,scen,20,0,5,0,8,0.0,0.0001309912,0.7269898750000001,1.1021898822181266,1.1819443343053038,0.12843747,66960,0.06696,
12,-4,20,6,6,-2,scen,20,0,2,0,4,0.0,6.495145e-05,0.72401354,1.0983971344363517,1.1801587697671516,0.24078869500000005,66960,0.06696,
12,-4,20,6,6,0,scen,20,0,0,0,0,0.0,0.0,0.72461514,1.0993096241037692,1.18480281503624,0.22168084999999998,66960,0.06696,
12,-4,20,6,6,2,scen,20,0,1,0,1,0.0,6.053631e-05,0.7274694150000001,1.1031467126410452,1.1896148712360375,0.17669392,66960,0.06696,
12,-4,20,6,6,4,scen,20,0,0,0,0,0.0,0.0,0.7340799250000002,1.1128000792514219,1.2225623586204386,0.13746606499999997,66960,0.06696,
12,-4,20,6,8,-2,scen,20,0,3,0,3,0.0,6.478798e-05,0.7454047,1.1308492540429227,1.2412303202309316,0.22680914,66960,0.06696,
12,-4,20,6,8,0,scen,20,0,1,0,1,0.0,2.508478e-05,0.7453002499999999,1.1306907555219934,1.2469171458779236,0.19789707500000003,66960,0.06696,
12,-4,20,6,8,2,scen,20,0,1,0,1,0.0,5.411952e-05,0.7418131,1.1254000328469884,1.226151883261611,0.17025929,66960,0.06696,
12,-4,20,6,8,4,scen,20,0,2,0,2,0.0,4.576727e-05,0.74404262,1.1282788743305072,1.2596922136252535,0.12920656000000003,66960,0.06696,
