HP_NHOR,HP_MADS_ITER,scen,runs,runsViolY,runsViolDy,samplesViolY,samplesViolDy,maxViolY,maxViolDy,meanRmse,meanRatio,worstRatio,meanRmsDu,estCycles,estShareOfTs,warnings
5,5,scen,20,20,20,2934,4558,2.774915,0.1383004,1.6469181550000003,2.4961884397260024,3.268293850885123,0.0452897295,6975,0.006975,
5,5,noscen,20,20,20,3917,5228,5.488553,0.2093096,2.5033679500000003,3.7945675913260866,4.5244228794964565,0.036502855,6975,0.006975,
5,10,scen,20,2,20,32,685,0.02137266,0.01426443,0.6877490749999999,1.0426492402492564,1.1816616816288559,0.0680668075,13950,0.01395,
5,10,noscen,20,19,20,967,2650,0.7036183,0.04259353,0.5877748150000002,0.8912425953819747,1.124297422910996,0.08534435300000001,13950,0.01395,
5,20,scen,20,2,19,28,137,0.01316553,0.0002771357,0.7107852299999998,1.0778788941287625,1.147686113893022,0.063374245,27900,0.0279,
5,20,noscen,20,9,20,185,1278,0.04784763,0.009052099,0.693193965,1.0509721545833217,1.1260496977079846,0.05667249,27900,0.0279,
5,50,scen,20,2,6,24,14,0.01025813,0.0001207184,0.7099669799999999,1.0767147549533103,1.1458420282540438,0.07961220150000001,69750,0.06974999999999999,
5,50,noscen,20,9,18,156,598,0.04163371,0.0005525326,0.7020602300000001,1.0644390112614155,1.1226698112649665,0.0778324155,69750,0.06974999999999999,
5,100,scen,20,2,5,29,11,0.01708656,9.658173e-05,0.7086703400000001,1.0747488085560817,1.1415735728521845,0.08543193749999999,139500,0.13949999999999999,
5,100,noscen,20,9,17,145,505,0.04305782,0.0006014003,0.7024128050000001,1.0649740000998356,1.1228339118767203,0.08089065399999999,139500,0.13949999999999999,
8,5,scen,20,4,19,219,1067,0.316402,0.02168529,0.751947645,1.1397508516110366,1.4713699971286767,0.054537233500000004,11160,0.01116,
8,5,noscen,20,20,20,2579,4437,2.818901,0.08725434,1.0006318250000001,1.5166782539409822,2.2659668907149917,0.05095612600000001,11160,0.01116,
8,10,scen,20,0,20,0,259,0.0,0.000297328,0.7309150800000002,1.1080782513552723,1.2129489338907493,0.0746251375,22320,0.02232,
8,10,noscen,20,1,20,6,1492,0.00223278,0.01644654,0.6597433849999998,1.000079204286292,1.1456904032878685,0.06670227299999999,22320,0.02232,
8,20,scen,20,0,20,0,194,0.0,0.0002208613,0.70804391,1.0740935148987396,1.138885063127092,0.07918128799999999,44640,0.04464,
8,20,noscen,20,0,20,0,1439,0.0,0.004610847,0.69128586,1.0483322046259405,1.1065318450116117,0.068735409,44640,0.04464,
8,50,scen,20,0,11,0,19,0.0,0.0001251988,0.7038967099999998,1.0677704847221696,1.1263130496667757,0.101101005,111600,0.1116,
8,50,noscen,20,1,20,1,657,0.0002598014,0.0005308901,0.691851565,1.0493223178597695,1.1012864815922798,0.09310500099999999,111600,0.1116,
8,100,scen,20,0,10,0,21,0.0,9.661563e-05,0.7024021850000001,1.0655033604121074,1.1253096911840055,0.11215400499999999,223200,0.2232,
8,100,noscen,20,0,20,0,539,0.0,0.0004275521,0.6926524049999999,1.050538042717638,1.10164719792537,0.099093714,223200,0.2232,
10,5,scen,20,0,5,0,64,0.0,0.004864349,0.8456599,1.2817843653260683,1.6407586217560872,0.03708117,13950,0.01395,
10,5,noscen,20,11,20,1285,3128,1.482682,0.05982263,0.726297545,1.1008841669596068,1.4455842549851032,0.05714081849999999,13950,0.01395,
10,10,scen,20,0,15,0,68,0.0,0.0001826817,0.7597332849999999,1.1521810241004409,1.3190768032461448,0.0679164805,27900,0.0279,
10,10,noscen,20,0,20,0,1039,0.0,0.01116609,0.6902902,1.046884960017728,1.1987284188662204,0.053819861499999996,27900,0.0279,
10,20,scen,20,0,17,0,65,0.0,0.000222288,0.7456189049999999,1.1303655674552004,1.2605970452040627,0.07794314300000002,55800,0.0558,
10,20,noscen,20,0,20,0,1058,0.0,0.001381723,0.69948667,1.0609027100757387,1.12514796628166,0.0669019285,55800,0.0558,
10,50,scen,20,0,6,0,13,0.0,9.446412e-05,0.7142939150000001,1.0834891592237563,1.153519843508245,0.0948768435,139500,0.13949999999999999,
10,50,noscen,20,0,20,0,488,0.0,0.000476922,0.69891228,1.0601186178770505,1.1351719502027615,0.08942948449999999,139500,0.13949999999999999,
10,100,scen,20,0,4,0,9,0.0,5.573641e-05,0.709742595,1.076586079094439,1.1417769379048668,0.09716306450000001,279000,0.27899999999999997,
10,100,noscen,20,0,20,0,491,0.0,0.0005103812,0.6978715850000001,1.0585416246379282,1.119368089387705,0.09368055300000001,279000,0.27899999999999997,
12,5,scen,20,0,2,0,18,0.0,0.001045148,0.902925625,1.3685867509257992,1.8990148686880692,0.0347061585,16740,0.01674,
12,5,noscen,20,1,20,10,1227,0.01776442,0.02165663,0.6966105399999998,1.055907026624715,1.3776808860939882,0.03327982349999999,16740,0.01674,
12,10,scen,20,0,10,0,20,0.0,0.0001259281,0.82101627,1.2451193776556995,1.595736614095968,0.063101721,33480,0.03348,
12,10,noscen,20,0,20,0,795,0.0,0.00445354,0.73480888,1.1138645665227909,1.2843191299301202,0.048023861999999994,33480,0.03348,
12,20,scen,20,0,13,0,32,0.0,0.0002680749,0.7790404850000001,1.1816524382043594,1.416814710004676,0.07794697250000002,66960,0.06696,
12,20,noscen,20,0,20,0,722,0.0,0.0006591996,0.72645557,1.101866787416325,1.2485763257305456,0.06380187600000001,66960,0.06696,
12,50,scen,20,0,1,0,4,0.0,8.311497e-05,0.74312131,1.1272152925578725,1.2535566549265493,0.09154772350000001,167400,0.1674,
12,50,noscen,20,0,18,0,402,0.0,0.0005191913,0.716927255,1.0873160516064853,1.2007664576139294,0.074576299,167400,0.1674,
12,100,scen,20,0,3,0,6,0.0,6.336285e-05,0.7355903500000001,1.1157926398875948,1.2495347692578378,0.097492673,334800,0.3348,
12,100,noscen,20,0,19,0,426,0.0,0.0004243221,0.7176419199999999,1.0884021032181117,1.1872495972247141,0.0799896175,334800,0.3348,
15,5,scen,20,0,0,0,0,0.0,0.0,1.0028411800000003,1.5200401638188732,2.4462689413635994,0.035402613,20925,0.020925,
15,5,noscen,20,0,14,0,487,0.0,0.01223246,0.788436125,1.1950757841801267,1.487319191023664,0.02935068,20925,0.020925,
15,10,scen,20,0,0,0,0,0.0,0.0,0.9042564499999999,1.371356831013119,1.9662176364447583,0.05177899300000001,41850,0.04185,
15,10,noscen,20,0,16,0,527,0.0,0.000740623,0.7666699400000001,1.1621487952735166,1.3869400109036902,0.041400967000000004,41850,0.04185,
15,20,scen,20,0,2,0,3,0.0,2.167329e-05,0.8610193900000003,1.3060578739476614,1.8492332571770231,0.06962181049999999,83700,0.0837,
15,20,noscen,20,0,17,0,407,0.0,0.0006522468,0.7549724849999999,1.1445245217778324,1.3519680668719267,0.050363519499999995,83700,0.0837,
15,50,scen,20,0,0,0,0,0.0,0.0,0.8300573699999999,1.2590823765799155,1.7463380806997175,0.0736537005,209250,0.20925000000000002,
15,50,noscen,20,0,16,0,309,0.0,0.0004601116,0.749597725,1.1364502208357454,1.3328504105298702,0.060147546499999996,209250,0.20925000000000002,
15,100,scen,20,0,0,0,0,0.0,0.0,0.8158811100000001,1.2375788299288721,1.674906898300167,0.0874049415,418500,0.41850000000000004,
15,100,noscen,20,0,16,0,340,0.0,0.0004138868,0.74790199,1.133879285278901,1.334082053208844,0.06260347100000002,418500,0.41850000000000004,
20,5,scen,20,0,0,0,0,0.0,0.0,1.136206965,1.7221875414714698,2.4745500417053377,0.033016128500000005,27900,0.0279,
20,5,noscen,20,0,8,0,242,0.0,0.002274457,0.8588565349999998,1.3018150570874876,1.7131455319345053,0.026254476000000006,27900,0.0279,
20,10,scen,20,0,0,0,0,0.0,0.0,1.0705637099999998,1.6228106371176623,2.4502490767830847,0.05585463100000002,55800,0.0558,
20,10,noscen,20,0,9,0,242,0.0,0.0005771364,0.8052231900000001,1.2211763661851351,1.5771716405166847,0.025492102500000002,55800,0.0558,
20,20,scen,20,0,0,0,0,0.0,0.0,1.0365390150000002,1.5712119770278157,2.4320870973444295,0.071315059,111600,0.1116,
20,20,noscen,20,0,9,0,233,0.0,0.0004832193,0.7984952299999999,1.2112749358265629,1.5451698832457479,0.052004841,111600,0.1116,
20,50,scen,20,0,0,0,0,0.0,0.0,1.0090927950000002,1.5296128724847942,2.4238410796830205,0.081908573,279000,0.27899999999999997,
20,50,noscen,20,0,10,0,203,0.0,0.0003691247,0.79403742,1.2044938492204615,1.5316075347836835,0.0530343635,279000,0.27899999999999997,
20,100,scen,20,0,0,0,0,0.0,0.0,1.017781585,1.5427822799966422,2.4212940853637277,0.07516940849999999,558000,0.5579999999999999,
20,100,noscen,20,0,10,0,214,0.0,0.0004003731,0.792548335,1.2022349925598044,1.5440072563018645,0.056742937999999986,558000,0.5579999999999999,
25,5,scen,20,0,0,0,0,0.0,0.0,1.2464859750000001,1.889334829611259,2.4605739782343923,0.0359175725,34875,0.034874999999999996,
25,5,noscen,20,0,3,0,66,0.0,0.000527485,0.9213348250000001,1.3965212084592695,2.0265780781263363,0.02514315899999999,34875,0.034874999999999996,
25,10,scen,20,0,0,0,0,0.0,0.0,1.1901727149999997,1.8049600225542772,2.4291020477367464,0.06536754549999998,69750,0.06974999999999999,
25,10,noscen,20,0,5,0,66,0.0,0.0005970661,0.8644802699999999,1.311043056196603,1.8520353551759918,0.0312043775,69750,0.06974999999999999,
25,20,scen,20,0,0,0,0,0.0,0.0,1.1221141600000002,1.7020948878174338,2.3968215471546497,0.06851769450000002,139500,0.13949999999999999,
25,20,noscen,20,0,6,0,82,0.0,0.0003770001,0.8640673,1.3103680188977496,1.8641438048809487,0.041152045,139500,0.13949999999999999,
25,50,scen,20,0,0,0,0,0.0,0.0,1.10211305,1.6720056376118912,2.3832687687546477,0.08081419300000002,348750,0.34875,
25,50,noscen,20,0,8,0,65,0.0,0.0003512174,0.8560019449999998,1.2981561479992336,1.8307708452949976,0.043331694000000004,348750,0.34875,
25,100,scen,20,0,0,0,0,0.0,0.0,1.0955744500000002,1.6620919849532823,2.3788898887012637,0.0776715385,697500,0.6975,
25,100,noscen,20,0,6,0,75,0.0,0.0003546599,0.8500132700000002,1.289074300978092,1.7970780023360693,0.044294643,697500,0.6975,
