candidate,HP_NHOR,HP_NHORU,HP_LOG2NSCEN,HP_MADS_ITER,HP_D0,HP_LOG2R,scen,runs,runsViolY,runsViolDy,samplesViolY,samplesViolDy,maxViolY,maxViolDy,meanRmse,meanRatio,worstRatio,meanRmsDu,estCycles
C0,15,3,4,10,-8,2,scen,50,0,7,0,74,0.0,0.0004231142,0.7380389679999999,1.292429164961283,1.795079107905747,0.04366663640000001,41850
C0,15,3,4,10,-8,2,noscen,50,0,42,0,1413,0.0,0.005626061,0.646168488,1.1309486701478335,1.3352529431371614,0.0365396796,41850
C1,12,3,4,20,-4,4,scen,50,0,12,0,89,0.0,0.0002786881,0.6395929959999999,1.1195947196720086,1.2502542549293243,0.06577223360000001,66960
C1,12,3,4,20,-4,4,noscen,50,0,38,0,956,0.0,0.0006554132,0.605382624,1.0600656153920915,1.1340875871378882,0.0652656566,66960
C2,12,3,4,20,-4,2,scen,50,0,16,0,93,0.0,0.0003090672,0.6267157860000002,1.0969594524515738,1.194734526605812,0.11592768500000002,66960
C2,12,3,4,20,-4,2,noscen,50,0,47,0,1118,0.0,0.0006488357,0.5978419879999999,1.0471918061214824,1.1169596143445228,0.09870335680000002,66960
C3,15,3,4,10,-4,4,scen,50,0,9,0,45,0.0,0.0001990746,0.6643953480000002,1.1631497265973403,1.4131136128619046,0.07482376959999999,41850
C3,15,3,4,10,-4,4,noscen,50,0,39,0,719,0.0,0.0006276336,0.6079673080000001,1.0649539443956568,1.1573930838892648,0.06648638179999997,41850
C4,12,4,5,20,-4,4,scen,50,0,11,0,73,0.0,0.0002115197,0.614012674,1.0754015953798652,1.1459716489749325,0.06532401639999998,150720
C4,12,4,5,20,-4,4,noscen,50,0,43,0,1116,0.0,0.0006655451,0.6012379880000001,1.0527227408647926,1.1041888245481017,0.071014707,150720
C5,12,3,4,10,-2,4,scen,50,0,8,0,14,0.0,0.0001243225,0.6321156440000002,1.106650900901722,1.2131275358954008,0.0852577134,33480
C5,12,3,4,10,-2,4,noscen,50,0,34,0,492,0.0,0.0005874869,0.6065180459999999,1.0621986138994879,1.1338425422032463,0.0725317524,33480
C6,12,3,4,50,-4,4,scen,50,0,13,0,103,0.0,0.0003143366,0.6235523839999999,1.0915788014083527,1.170323583713925,0.06778872260000002,167400
C6,12,3,4,50,-4,4,noscen,50,0,42,0,1084,0.0,0.0006582218,0.6053030140000002,1.0598347397366965,1.1354147460071733,0.0649847762,167400
C7,12,3,4,20,-6,4,scen,50,0,12,0,89,0.0,0.0002898051,0.648173224,1.1348377426018954,1.3290289153997936,0.0523516236,66960
C7,12,3,4,20,-6,4,noscen,50,0,37,0,936,0.0,0.0007042885,0.615319858,1.0773746484627278,1.1686615025594358,0.05624371419999999,66960
C8,12,3,4,10,-2,2,scen,50,0,5,0,9,0.0,0.0001352518,0.6426637339999998,1.1245052839951966,1.2125925181710713,0.173459364,33480
C8,12,3,4,10,-2,2,noscen,50,0,41,0,494,0.0,0.0005989576,0.6036492519999999,1.0571746764536634,1.1153870334745144,0.131169074,33480
C9,12,3,4,10,-2,3,scen,50,0,6,0,16,0.0,0.0001492727,0.641068738,1.1219049587559098,1.2099196533148808,0.12538652939999997,33480
C9,12,3,4,10,-2,3,noscen,50,0,35,0,514,0.0,0.0007375466,0.6038477900000001,1.0575223441608792,1.1239512343338591,0.09585146280000004,33480
C10,12,3,4,20,-2,2,scen,50,0,9,0,42,0.0,0.0002044826,0.63366186,1.1088932044105138,1.1881800659679633,0.15264382399999998,66960
C10,12,3,4,20,-2,2,noscen,50,0,47,0,903,0.0,0.0006372564,0.600667954,1.0519713040930834,1.1041082067288757,0.11554426320000001,66960
C11,15,3,4,10,-2,2,scen,50,0,3,0,5,0.0,8.179246e-05,0.645523568,1.1307392803903533,1.2266783712096268,0.20445063599999994,41850
C11,15,3,4,10,-2,2,noscen,50,0,36,0,313,0.0,0.0006309392,0.610917026,1.069975693398632,1.1351664082864736,0.170651606,41850
