HP_NHOR,HP_NHORU,HP_MADS_ITER,scen,runs,runsViolY,runsViolDy,samplesViolY,samplesViolDy,maxViolY,maxViolDy,meanRmse,meanRatio,worstRatio,meanRmsDu,estCycles,estShareOfTs,warnings
10,1,20,scen,20,0,0,0,0,0.0,0.0,0.83982647,1.273727203958289,1.6167708806800731,0.03275079499999999,18600,0.0186,
10,1,20,noscen,20,0,12,0,453,0.0,0.001063039,0.7254867,1.1006193056983045,1.2443170027874217,0.035897725000000005,18600,0.0186,
10,1,50,scen,20,0,0,0,0,0.0,0.0,0.835352125,1.2669471207531369,1.608751364765623,0.037809616,46500,0.0465,
10,1,50,noscen,20,0,12,0,379,0.0,0.0005115543,0.728240235,1.1048037619030375,1.2456100512617017,0.0408754165,46500,0.0465,
10,2,20,scen,20,0,1,0,1,0.0,1.105308e-05,0.801079705,1.2150749809568953,1.5024292279661295,0.0517977055,37200,0.0372,
10,2,20,noscen,20,0,14,0,516,0.0,0.0006732554,0.7191182049999999,1.0906846527933092,1.2221638990811148,0.050609207499999996,37200,0.0372,
10,2,50,scen,20,0,1,0,2,0.0,8.185038e-05,0.801178865,1.215224287171591,1.4782983387102964,0.047264674,93000,0.093,
10,2,50,noscen,20,0,13,0,352,0.0,0.0005294011,0.7199165200000002,1.0918966016498346,1.224483580795656,0.05890495349999999,93000,0.093,
10,3,20,scen,20,0,17,0,65,0.0,0.000222288,0.7456189049999999,1.1303655674552004,1.2605970452040627,0.07794314300000002,55800,0.0558,
10,3,20,noscen,20,0,20,0,1058,0.0,0.001381723,0.69948667,1.0609027100757387,1.12514796628166,0.0669019285,55800,0.0558,
10,3,50,scen,20,0,6,0,13,0.0,9.446412e-05,0.7142939150000001,1.0834891592237563,1.153519843508245,0.0948768435,139500,0.13949999999999999,
10,3,50,noscen,20,0,20,0,488,0.0,0.000476922,0.69891228,1.0601186178770505,1.1351719502027615,0.08942948449999999,139500,0.13949999999999999,
10,4,20,scen,20,0,20,0,198,0.0,0.0002271044,0.7045560999999999,1.0686949135279302,1.136596060611346,0.07691092100000001,74400,0.0744,
10,4,20,noscen,20,0,20,0,1473,0.0,0.000917581,0.6928879799999998,1.0507199530732316,1.106393710168022,0.07157169600000002,74400,0.0744,
10,4,50,scen,20,0,12,0,33,0.0,0.0002004896,0.702308675,1.0654524636685534,1.1261141072776966,0.097543087,186000,0.186,
10,4,50,noscen,20,0,20,0,736,0.0,0.0008793942,0.6885920249999999,1.0445622826522911,1.0939358933483152,0.09671392250000002,186000,0.186,
10,6,20,scen,20,0,19,0,194,0.0,0.0002691129,0.7069859199999999,1.0722456276494012,1.14541443820868,0.07294312,111600,0.1116,
10,6,20,noscen,20,0,20,0,1446,0.0,0.001641511,0.68944139,1.0456488926600687,1.1008848379126726,0.06460635049999999,111600,0.1116,
10,6,50,scen,20,0,6,0,15,0.0,0.0002885805,0.702382085,1.0655886203400438,1.130544566470481,0.09414512850000001,279000,0.27899999999999997,
10,6,50,noscen,20,0,20,0,758,0.0,0.0006698709,0.688083635,1.043895298129408,1.0954883543276916,0.0930378385,279000,0.27899999999999997,
12,1,20,scen,20,0,0,0,0,0.0,0.0,0.8953384449999998,1.35783012725665,1.9098102767973295,0.030768225000000003,22320,0.02232,
12,1,20,noscen,20,0,9,0,328,0.0,0.0005589464,0.74519022,1.1303999361277683,1.3071625992016243,0.020692112,22320,0.02232,
12,1,50,scen,20,0,0,0,0,0.0,0.0,0.8888656349999999,1.348016919458344,1.8915736212433532,0.03497501849999999,55800,0.0558,
12,1,50,noscen,20,0,9,0,281,0.0,0.0005012428,0.74591205,1.1314976591790082,1.3076496509262423,0.026066536,55800,0.0558,
12,2,20,scen,20,0,0,0,0,0.0,0.0,0.8489925700000001,1.2875577170246197,1.7045978102718917,0.04586427900000001,44640,0.04464,
12,2,20,noscen,20,0,11,0,384,0.0,0.000663762,0.7360679350000001,1.116366557280787,1.279580637612459,0.033232684,44640,0.04464,
12,2,50,scen,20,0,0,0,0,0.0,0.0,0.85097465,1.2905606282714293,1.7176330565517641,0.0445240945,111600,0.1116,
12,2,50,noscen,20,0,12,0,343,0.0,0.0004590943,0.7359344999999999,1.1161479081260448,1.2813295315173245,0.040984900500000004,111600,0.1116,
12,3,20,scen,20,0,13,0,32,0.0,0.0002680749,0.7790404850000001,1.1816524382043594,1.416814710004676,0.07794697250000002,66960,0.06696,
12,3,20,noscen,20,0,20,0,722,0.0,0.0006591996,0.72645557,1.101866787416325,1.2485763257305456,0.06380187600000001,66960,0.06696,
12,3,50,scen,20,0,1,0,4,0.0,8.311497e-05,0.74312131,1.1272152925578725,1.2535566549265493,0.09154772350000001,167400,0.1674,
12,3,50,noscen,20,0,18,0,402,0.0,0.0005191913,0.716927255,1.0873160516064853,1.2007664576139294,0.074576299,167400,0.1674,
12,4,20,scen,20,0,20,0,128,0.0,0.0003995681,0.71508614,1.0847003003694036,1.1491466666221752,0.0895695325,89280,0.08928,
12,4,20,noscen,20,0,20,0,1337,0.0,0.001043049,0.70105324,1.0630651541390848,1.1202176146820153,0.06926383650000001,89280,0.08928,
12,4,50,scen,20,0,7,0,16,0.0,7.729089e-05,0.702812335,1.0662539826526012,1.1326401055769186,0.11046312249999998,223200,0.2232,
12,4,50,noscen,20,0,20,0,652,0.0,0.0006541115,0.6906493200000001,1.0475606409205436,1.1001673361071522,0.1043094715,223200,0.2232,
12,6,20,scen,20,0,20,0,120,0.0,0.0002025473,0.7063782450000001,1.071599872060434,1.1473350423201774,0.07556175600000001,133920,0.13392,
12,6,20,noscen,20,0,20,0,1406,0.0,0.0008425405,0.6952959000000002,1.0540864850143639,1.1113749145426988,0.0717532195,133920,0.13392,
12,6,50,scen,20,0,5,0,14,0.0,8.126197e-05,0.7054096649999999,1.0701806217842704,1.1379590813912497,0.090607405,334800,0.3348,
12,6,50,noscen,20,0,20,0,700,0.0,0.0006523988,0.6881726199999998,1.0440089303224294,1.0951047039571682,0.086943355,334800,0.3348,
15,1,20,scen,20,0,0,0,0,0.0,0.0,0.9977444799999999,1.513037427483979,2.455394878952679,0.031061698,27900,0.0279,
15,1,20,noscen,20,0,8,0,238,0.0,0.0005722937,0.7740016350000001,1.1739887594692915,1.4115284589616035,0.0164434965,27900,0.0279,
15,1,50,scen,20,0,0,0,0,0.0,0.0,0.9890897449999997,1.49991429781284,2.445798531253403,0.0337085565,69750,0.06974999999999999,
15,1,50,noscen,20,0,8,0,213,0.0,0.0004808583,0.774127485,1.174182482242379,1.4112883839041839,0.0199986,69750,0.06974999999999999,
15,2,20,scen,20,0,0,0,0,0.0,0.0,0.9418889500000003,1.4284272119662353,2.2981511144057296,0.045096673000000004,55800,0.0558,
15,2,20,noscen,20,0,9,0,296,0.0,0.0005280643,0.761146315,1.1545099132978394,1.3767698649629794,0.0222354645,55800,0.0558,
15,2,50,scen,20,0,0,0,0,0.0,0.0,0.9376041750000003,1.4219249514426948,2.2067674361116967,0.04457040350000001,139500,0.13949999999999999,
15,2,50,noscen,20,0,10,0,235,0.0,0.0005013557,0.7610257999999999,1.154314744971487,1.383128566607642,0.0286781605,139500,0.13949999999999999,
15,3,20,scen,20,0,2,0,3,0.0,2.167329e-05,0.8610193900000003,1.3060578739476614,1.8492332571770231,0.06962181049999999,83700,0.0837,
15,3,20,noscen,20,0,17,0,407,0.0,0.0006522468,0.7549724849999999,1.1445245217778324,1.3519680668719267,0.050363519499999995,83700,0.0837,
15,3,50,scen,20,0,0,0,0,0.0,0.0,0.8300573699999999,1.2590823765799155,1.7463380806997175,0.0736537005,209250,0.20925000000000002,
15,3,50,noscen,20,0,16,0,309,0.0,0.0004601116,0.749597725,1.1364502208357454,1.3328504105298702,0.060147546499999996,209250,0.20925000000000002,
15,4,20,scen,20,0,14,0,36,0.0,0.0001791551,0.74509733,1.1298119428368707,1.2518086872183474,0.09478589000000001,111600,0.1116,
15,4,20,noscen,20,0,20,0,739,0.0,0.0006895043,0.7240028199999999,1.0980821220857897,1.1865450270771085,0.0858552465,111600,0.1116,
15,4,50,scen,20,0,5,0,5,0.0,0.0001454818,0.7197291349999999,1.0914114491289848,1.1599804437343368,0.11994968999999997,279000,0.27899999999999997,
15,4,50,noscen,20,0,20,0,480,0.0,0.0006694912,0.706664925,1.0717786622640102,1.1432910696679375,0.106514951,279000,0.27899999999999997,
15,6,20,scen,20,0,20,0,94,0.0,0.0002323833,0.7092205100000001,1.0758519569970688,1.1534555549252417,0.08718499399999999,167400,0.1674,
15,6,20,noscen,20,0,20,0,1217,0.0,0.001433944,0.7016549450000001,1.0637654721949812,1.125917194609997,0.07463502699999999,167400,0.1674,
15,6,50,scen,20,0,3,0,5,0.0,0.0002515369,0.707875415,1.073905394462299,1.145291003396908,0.09988949799999998,418500,0.41850000000000004,
15,6,50,noscen,20,0,19,0,567,0.0,0.0004966703,0.6903434549999999,1.0472360932244986,1.1003526900274514,0.09539724950000002,418500,0.41850000000000004,
20,1,20,scen,20,0,0,0,0,0.0,0.0,1.142541735,1.732495049452441,2.489866552389583,0.030228339,37200,0.0372,
20,1,20,noscen,20,0,5,0,101,0.0,0.0005098893,0.826954505,1.2541829646586136,1.6293859745572945,0.013527734,37200,0.0372,
20,1,50,scen,20,0,0,0,0,0.0,0.0,1.130899035,1.7148518542205682,2.4907217714236323,0.033369193000000005,93000,0.093,
20,1,50,noscen,20,0,5,0,93,0.0,0.0003874206,0.826863425,1.2540507207429517,1.6290269328420763,0.015270171999999995,93000,0.093,
20,2,20,scen,20,0,0,0,0,0.0,0.0,1.0883582699999998,1.6505169087699607,2.4611018417613306,0.04846994550000001,74400,0.0744,
20,2,20,noscen,20,0,7,0,141,0.0,0.0005522387,0.8119138750000001,1.2314180723684847,1.589850516193308,0.0177605275,74400,0.0744,
20,2,50,scen,20,0,0,0,0,0.0,0.0,1.078412925,1.635440946500188,2.446523338344962,0.051604783,186000,0.186,
20,2,50,noscen,20,0,8,0,132,0.0,0.0003780035,0.8087313499999998,1.2265907112248384,1.5824276388517946,0.024552458500000002,186000,0.186,
20,3,20,scen,20,0,0,0,0,0.0,0.0,1.0365390150000002,1.5712119770278157,2.4320870973444295,0.071315059,111600,0.1116,
20,3,20,noscen,20,0,9,0,233,0.0,0.0004832193,0.7984952299999999,1.2112749358265629,1.5451698832457479,0.052004841,111600,0.1116,
20,3,50,scen,20,0,0,0,0,0.0,0.0,1.0090927950000002,1.5296128724847942,2.4238410796830205,0.081908573,279000,0.27899999999999997,
20,3,50,noscen,20,0,10,0,203,0.0,0.0003691247,0.79403742,1.2044938492204615,1.5316075347836835,0.0530343635,279000,0.27899999999999997,
20,4,20,scen,20,0,4,0,4,0.0,3.904879e-05,0.8334440150000001,1.2636084049471825,1.6599791512670343,0.09397076299999998,148800,0.1488,
20,4,20,noscen,20,0,16,0,328,0.0,0.0005348519,0.7522226700000001,1.1410187204457256,1.3550106058411375,0.0645156345,148800,0.1488,
20,4,50,scen,20,0,1,0,1,0.0,3.474023e-05,0.8036010749999999,1.2183622843158097,1.4739414261113855,0.10565656049999998,372000,0.372,
20,4,50,noscen,20,0,18,0,349,0.0,0.0004634893,0.7294445850000001,1.10641219173348,1.2836045411671242,0.08225439299999998,372000,0.372,
20,6,20,scen,20,0,16,0,41,0.0,0.0002694496,0.734601835,1.113550468149772,1.2029527853321635,0.11505144299999999,223200,0.2232,
20,6,20,noscen,20,0,20,0,719,0.0,0.0006726656,0.71533488,1.0849501879105987,1.1512090429377566,0.11858047000000001,223200,0.2232,
20,6,50,scen,20,0,3,0,4,0.0,0.0001417044,0.71763572,1.0881692845100208,1.1673489453744355,0.13028128499999997,558000,0.5579999999999999,
20,6,50,noscen,20,0,18,0,465,0.0,0.0004967597,0.69383066,1.0524091009855348,1.1046809414209282,0.11050148950000001,558000,0.5579999999999999,
